EmployeeID,Name,Age,Gender,Department,Salary,Experience
1,Mike,41,Female,HR,76289,16
2,Emily,46,Male,IT,53389,10
3,Doe,43,Female,IT,75683,16
4,Emily,34,Male,HR,63629,12
5,Emily,40,Male,IT,74826,17
6,Jane,57,Male,Marketing,85198,16
7,Doe,33,Female,IT,76630,12
8,Doe,40,Male,Marketing,83226,8
9,Doe,33,Male,Marketing,96163,20
10,Emily,30,Female,Marketing,82975,3
11,Mike,28,Female,Finance,50899,16
12,Doe,49,Female,IT,61653,13
13,Emily,35,Female,HR,77961,19
14,Jane,52,Male,HR,66405,8
15,Mike,40,Male,IT,58601,5
16,Jane,37,Male,Finance,83662,20
17,Mike,26,Male,Finance,83282,8
18,Emily,56,Female,Marketing,71288,12
19,John,33,Male,IT,79545,1
20,Mike,46,Male,IT,86877,20
21,Jane,42,Female,HR,96026,6
22,Emily,57,Male,IT,65313,18
23,Mike,44,Male,Finance,65349,8
24,John,37,Male,IT,57179,7
25,John,60,Male,HR,60326,1
26,Doe,60,Male,Marketing,94555,16
27,Doe,35,Male,HR,51560,12
28,Jane,52,Female,HR,63612,6
29,Mike,26,Female,Marketing,67650,20
30,Mike,56,Male,HR,76745,2
31,Doe,44,Male,HR,81890,14
32,Mike,50,Female,IT,70022,4
33,Mike,32,Male,IT,54780,1
34,John,39,Male,Marketing,68311,18
35,Doe,33,Male,IT,78380,13
36,Emily,30,Female,IT,94662,2
37,Doe,31,Male,HR,52356,9
38,Emily,38,Female,Finance,54790,2
39,John,59,Male,IT,76911,9
40,Jane,28,Female,Finance,99458,1
41,Mike,34,Female,IT,74363,11
42,John,30,Male,IT,70049,3
43,Mike,48,Female,Marketing,60181,20
44,Jane,23,Male,Marketing,89825,4
45,Jane,26,Female,Marketing,66082,18
46,John,50,Male,Finance,50661,6
47,Jane,58,Male,HR,87412,3
48,Emily,59,Female,IT,98479,11
49,Jane,40,Male,IT,52920,15
50,Mike,29,Male,IT,75658,5
51,Mike,22,Female,Finance,98770,20
52,Mike,43,Male,Marketing,64025,10
53,Mike,38,Male,HR,58946,12
54,Emily,28,Female,Finance,78706,15
55,Doe,46,Female,Marketing,95500,17
56,John,25,Male,Finance,89004,10
57,Mike,57,Male,HR,66309,6
58,Jane,27,Female,Marketing,96286,18
59,Mike,52,Female,Finance,83120,13
60,Jane,40,Male,HR,80027,3
61,Jane,60,Female,IT,57005,10
62,Mike,48,Male,HR,96804,14
63,Emily,31,Male,IT,99310,6
64,Jane,47,Male,Finance,50956,3
65,Jane,40,Male,Marketing,84839,16
66,Mike,60,Male,Marketing,58595,7
67,Jane,24,Female,Finance,97908,20
68,Jane,34,Female,Marketing,62803,14
69,Mike,49,Female,Marketing,75963,9
70,Mike,41,Female,IT,86221,15
71,John,49,Male,Finance,89443,3
72,Emily,29,Male,HR,83723,2
73,Emily,60,Male,IT,89063,2
74,Jane,22,Male,Finance,98689,3
75,Emily,24,Female,IT,65282,18
76,Jane,34,Male,HR,54703,14
77,John,49,Male,HR,56563,20
78,Mike,46,Female,Finance,75849,18
79,Mike,54,Female,HR,81860,10
80,Mike,59,Female,IT,81585,2
81,Emily,27,Female,HR,72015,1
82,John,53,Male,IT,62003,4
83,Emily,42,Male,IT,93585,14
84,Emily,37,Female,HR,76958,1
85,John,42,Male,Finance,76017,14
86,John,32,Male,Marketing,61171,16
87,John,58,Male,HR,95350,14
88,John,57,Female,IT,62201,20
89,Mike,56,Male,IT,79426,3
90,Doe,40,Female,HR,67778,3
91,Doe,41,Male,Finance,95241,9
92,John,39,Male,Finance,92229,6
93,Doe,35,Male,IT,71116,13
94,Doe,36,Female,IT,98364,2
95,John,52,Male,Finance,83297,8
96,Doe,22,Female,Marketing,69342,2
97,Emily,24,Female,HR,77490,4
98,Jane,37,Female,IT,69975,15
99,Jane,44,Male,IT,76723,4
100,John,32,Male,Finance,73279,13
101,Mike,33,Male,HR,62765,12
102,John,31,Male,Finance,96678,13
103,Mike,53,Female,HR,61561,14
104,Jane,37,Female,HR,91899,20
105,John,29,Female,HR,50525,18
106,Emily,59,Male,IT,72861,6
107,Doe,33,Female,Marketing,99153,11
108,Mike,45,Male,Finance,83142,2
109,Doe,49,Female,Marketing,76916,19
110,Doe,29,Male,Finance,94965,19
111,John,49,Male,HR,54648,5
112,Doe,57,Female,IT,85133,19
113,Emily,47,Female,Marketing,80523,2
114,Doe,29,Female,IT,79052,10
115,John,49,Female,Finance,84414,2
116,Emily,49,Male,IT,82781,11
117,Jane,58,Female,IT,54599,18
118,Doe,57,Female,Marketing,85046,15
119,John,48,Female,HR,97064,9
120,Jane,38,Male,IT,85923,19
121,Jane,30,Male,HR,91089,9
122,Mike,54,Female,Finance,53814,3
123,Emily,41,Male,IT,95893,9
124,Doe,34,Female,Marketing,85984,14
125,John,49,Male,Finance,76616,19
126,Mike,50,Male,Finance,52113,7
127,Emily,34,Male,Marketing,93006,16
128,Mike,56,Male,IT,63760,16
129,Emily,27,Female,IT,71927,1
130,Emily,39,Female,Finance,70939,4
131,Doe,26,Female,IT,82419,4
132,Emily,46,Male,HR,62588,7
133,Mike,23,Female,Marketing,86142,8
134,Emily,31,Female,HR,89198,17
135,Doe,51,Female,IT,94738,5
136,Doe,26,Male,Finance,83397,7
137,Mike,54,Male,Marketing,66653,20
138,Jane,22,Male,IT,60831,20
139,Jane,39,Female,IT,55724,4
140,Emily,53,Female,Finance,61083,6
141,John,32,Female,Finance,95917,7
142,Emily,42,Male,HR,69816,18
143,Mike,47,Male,Marketing,92240,5
144,Mike,46,Female,Marketing,56276,20
145,Mike,43,Male,Finance,98403,3
146,Mike,48,Male,HR,88663,7
147,Mike,34,Male,Marketing,63994,14
148,Doe,54,Male,Finance,73499,7
149,Jane,55,Female,IT,73040,5
150,Mike,56,Male,Marketing,93320,5
151,John,22,Male,HR,66959,2
152,John,42,Male,HR,56099,6
153,John,27,Male,HR,92267,15
154,John,49,Female,IT,69576,10
155,Doe,38,Female,Marketing,85946,7
156,John,26,Male,Marketing,56116,5
157,Mike,52,Male,IT,65563,1
158,Emily,26,Male,Marketing,76788,13
159,John,59,Male,IT,76928,18
160,Doe,24,Male,IT,86336,13
161,Doe,44,Male,IT,59847,18
162,John,58,Female,HR,76155,5
163,Emily,58,Male,Marketing,64135,13
164,John,31,Female,IT,67774,4
165,Doe,31,Female,Marketing,51742,17
166,Jane,40,Male,HR,68309,3
167,Mike,38,Female,IT,50619,17
168,Doe,42,Female,Finance,67658,11
169,John,35,Female,HR,84707,20
170,Mike,30,Female,Finance,70337,4
171,John,22,Female,Marketing,66001,2
172,John,34,Female,Marketing,50968,20
173,Jane,25,Male,HR,97614,16
174,Mike,22,Female,Marketing,75892,18
175,Mike,53,Female,Finance,75619,8
176,Jane,55,Female,IT,50281,3
177,Doe,49,Male,IT,77420,9
178,John,52,Female,IT,65360,20
179,Emily,29,Male,HR,89030,6
180,John,60,Female,Marketing,51058,10
181,John,47,Male,Finance,70677,10
182,Doe,55,Male,Marketing,60724,13
183,John,24,Female,Marketing,78404,17
184,Jane,33,Female,Marketing,87946,9
185,Jane,22,Male,IT,89748,17
186,Mike,26,Female,Finance,79856,9
187,Emily,51,Male,Finance,59200,9
188,John,51,Male,Marketing,83997,1
189,John,38,Male,IT,75611,2
190,Doe,44,Male,IT,91235,16
191,Jane,36,Male,Finance,85057,1
192,Emily,58,Female,IT,51239,10
193,Mike,42,Male,IT,88138,18
194,Jane,35,Male,IT,98938,8
195,Mike,23,Female,HR,50125,11
196,Doe,32,Male,Marketing,95272,2
197,Doe,60,Female,Finance,73857,8
198,John,59,Female,Finance,65398,8
199,Emily,55,Female,HR,56638,17
200,Mike,59,Male,Marketing,56570,15
201,Jane,55,Male,Finance,53249,17
202,Doe,39,Male,IT,59110,13
203,John,51,Female,Finance,90363,19
204,John,36,Male,IT,63605,5
205,Mike,48,Female,HR,62115,12
206,Doe,55,Male,IT,89062,1
207,Emily,59,Female,Finance,72911,5
208,Doe,54,Male,Finance,88525,8
209,Mike,45,Male,Finance,82556,13
210,Mike,36,Male,HR,62595,8
211,Doe,51,Female,HR,51969,11
212,Mike,38,Female,Marketing,93753,1
213,Doe,26,Male,Finance,67275,13
214,Jane,50,Male,IT,54470,19
215,Doe,25,Female,HR,60225,3
216,Doe,31,Female,Finance,92324,17
217,Mike,38,Female,Finance,91974,5
218,Mike,31,Male,HR,92759,20
219,John,38,Female,Marketing,73196,8
220,John,41,Male,HR,90287,14
221,Jane,45,Female,HR,63669,4
222,John,26,Male,IT,87380,11
223,Doe,55,Female,IT,95141,20
224,Mike,27,Female,Marketing,98320,15
225,John,23,Female,Finance,97414,19
226,John,34,Female,HR,88006,7
227,Jane,32,Female,Marketing,65577,19
228,Jane,44,Male,IT,72473,19
229,Doe,37,Female,HR,78625,11
230,Mike,52,Female,Finance,65504,5
231,Jane,32,Female,IT,74089,5
232,John,37,Male,IT,86487,8
233,Mike,29,Female,IT,50302,10
234,Mike,25,Male,Marketing,81463,6
235,John,25,Female,Finance,94912,15
236,Jane,46,Female,HR,79259,16
237,John,24,Male,Marketing,92823,17
238,Mike,53,Female,Marketing,87208,8
239,Emily,24,Male,Marketing,80659,8
240,Emily,48,Male,IT,85840,9
241,Doe,50,Female,Finance,81890,2
242,John,53,Male,Marketing,63598,15
243,John,40,Female,HR,97055,18
244,Doe,42,Female,Finance,96733,3
245,Doe,26,Male,HR,69508,17
246,Doe,39,Male,Finance,92287,4
247,Mike,49,Male,HR,63380,4
248,John,43,Male,IT,76984,14
249,Mike,42,Female,Marketing,94633,9
250,Doe,27,Female,HR,58125,9
251,John,22,Male,Finance,86059,18
252,Mike,26,Female,Marketing,54033,10
253,Mike,33,Female,Marketing,87873,4
254,Doe,47,Female,Finance,67087,12
255,John,55,Female,HR,90901,8
256,Doe,35,Male,IT,99726,2
257,John,47,Male,IT,55704,13
258,Emily,48,Female,HR,57848,16
259,Jane,30,Male,Marketing,71592,2
260,Jane,47,Male,Marketing,95743,11
261,Jane,43,Male,Marketing,56924,10
262,Doe,51,Female,Marketing,77208,15
263,Emily,38,Female,HR,69614,17
264,John,47,Female,Marketing,50488,8
265,Mike,57,Male,Finance,89882,18
266,John,22,Female,Marketing,75923,9
267,Mike,29,Female,IT,98508,8
268,John,56,Male,Marketing,85941,14
269,Emily,36,Female,HR,79165,18
270,Mike,43,Female,IT,51667,20
271,Doe,35,Male,HR,76213,20
272,John,47,Male,HR,54114,12
273,John,49,Male,IT,86321,19
274,Mike,44,Female,HR,57761,14
275,Doe,35,Female,HR,81116,17
276,Doe,45,Female,Marketing,83768,3
277,Emily,23,Male,Finance,98406,7
278,Doe,47,Male,HR,75426,17
279,Doe,35,Female,HR,67772,12
280,Doe,28,Female,HR,88218,9
281,Jane,24,Male,Marketing,53712,15
282,Emily,44,Male,Finance,51367,18
283,John,39,Male,IT,90957,13
284,Mike,59,Male,Marketing,91781,8
285,John,56,Female,Marketing,99606,14
286,Emily,36,Male,Finance,76200,8
287,Mike,46,Female,Finance,53726,14
288,Emily,58,Female,Marketing,73616,7
289,Doe,49,Female,IT,77723,12
290,Mike,31,Male,Marketing,87574,11
291,Doe,60,Male,Finance,84958,11
292,John,38,Male,IT,59108,13
293,John,60,Male,Finance,62178,18
294,Mike,43,Female,IT,85643,2
295,Mike,47,Male,HR,81324,15
296,Emily,46,Male,Finance,88360,20
297,Emily,38,Female,Finance,67824,18
298,Doe,34,Male,Marketing,95360,15
299,Mike,41,Female,Finance,58927,19
300,John,46,Female,Finance,78144,12
301,Emily,25,Female,HR,81010,13
302,Emily,31,Female,Finance,72443,11
303,John,24,Female,HR,64437,5
304,Emily,39,Female,HR,94298,1
305,Doe,57,Female,HR,89778,3
306,Mike,43,Female,HR,61207,19
307,John,55,Male,IT,75537,7
308,Mike,29,Male,Marketing,85757,12
309,Emily,40,Male,IT,62040,15
310,Emily,58,Male,Finance,91986,5
311,John,27,Female,IT,72612,15
312,Doe,47,Male,IT,78441,8
313,Jane,55,Female,Finance,56471,10
314,John,27,Male,Finance,85631,16
315,Jane,58,Male,Finance,93461,8
316,Jane,54,Male,IT,76523,1
317,Doe,43,Female,IT,81348,12
318,Jane,42,Male,Finance,51177,5
319,Jane,27,Female,Marketing,54760,3
320,Doe,27,Female,Marketing,82779,1
321,Jane,25,Male,HR,71636,4
322,Jane,51,Male,Finance,66353,8
323,Jane,32,Male,HR,61556,3
324,John,51,Female,Marketing,77598,10
325,John,52,Male,HR,61563,2
326,John,45,Female,Finance,96819,11
327,Doe,30,Female,Finance,93790,10
328,Emily,24,Male,Finance,58234,14
329,Jane,52,Male,IT,75519,7
330,Jane,58,Female,HR,76966,2
331,Doe,57,Female,Marketing,66173,9
332,Jane,45,Female,Marketing,76987,16
333,John,52,Male,Marketing,63178,13
334,Emily,27,Female,IT,89338,9
335,Mike,23,Male,IT,74596,20
336,Jane,41,Female,Finance,83174,4
337,John,49,Female,Marketing,91974,10
338,Mike,32,Male,IT,54431,12
339,Emily,25,Female,Finance,77764,17
340,Mike,36,Male,Marketing,71627,14
341,John,27,Male,HR,89310,14
342,Mike,51,Female,Finance,58906,2
343,Doe,59,Male,IT,86914,20
344,Mike,23,Male,IT,94814,11
345,Jane,36,Female,Finance,95379,16
346,Jane,32,Male,Finance,63076,19
347,Doe,29,Male,IT,99292,6
348,John,47,Male,HR,87650,19
349,Jane,26,Female,Marketing,96881,5
350,Emily,27,Male,HR,96413,4
351,Jane,47,Female,Finance,56012,15
352,Jane,25,Female,HR,57151,4
353,John,40,Male,IT,78211,20
354,Mike,41,Male,Finance,77117,10
355,Jane,54,Male,Marketing,86378,3
356,Doe,41,Female,IT,92652,5
357,Mike,33,Male,IT,56894,6
358,Emily,22,Male,Marketing,63467,8
359,John,47,Male,Marketing,81010,7
360,Emily,35,Male,HR,99257,10
361,Mike,59,Male,Finance,92641,6
362,Mike,58,Female,Marketing,62289,14
363,Mike,32,Female,Marketing,94976,4
364,Emily,57,Male,Finance,93596,13
365,Mike,34,Male,Marketing,73171,20
366,Emily,24,Male,Marketing,84905,17
367,Mike,54,Male,HR,70829,7
368,Doe,27,Female,IT,84054,4
369,Mike,31,Male,IT,98478,14
370,Emily,26,Female,IT,94139,3
371,Jane,44,Female,IT,98713,5
372,Mike,31,Male,Marketing,79734,16
373,Jane,23,Female,Finance,57052,20
374,Doe,34,Female,Finance,53654,4
375,John,23,Female,HR,73486,2
376,Doe,41,Female,HR,68743,18
377,Mike,22,Male,Marketing,98368,19
378,Jane,58,Male,Finance,74489,19
379,Jane,30,Female,Finance,58636,17
380,Emily,38,Male,IT,56441,14
381,Jane,30,Male,Marketing,74611,19
382,Emily,32,Male,Marketing,92435,13
383,John,36,Male,IT,62149,12
384,Mike,45,Male,Marketing,84566,6
385,Emily,59,Female,Marketing,92368,4
386,John,56,Male,HR,71675,19
387,Jane,51,Male,Finance,55495,16
388,Jane,52,Male,Marketing,92668,13
389,John,26,Male,HR,63673,4
390,Jane,35,Female,Finance,61130,17
391,John,32,Female,IT,72668,1
392,Emily,30,Female,HR,65222,18
393,Emily,55,Female,HR,73669,20
394,John,33,Male,Finance,84068,17
395,Emily,56,Female,IT,73253,15
396,Emily,56,Male,HR,59435,11
397,Emily,22,Male,Marketing,78552,13
398,Doe,43,Male,Marketing,87384,1
399,Mike,50,Male,Marketing,66393,17
400,Jane,29,Male,IT,60617,6
401,Doe,32,Female,HR,88520,4
402,Emily,58,Female,Marketing,59852,20
403,John,35,Female,IT,81401,16
404,Emily,51,Female,Marketing,56295,15
405,Mike,56,Male,Finance,85993,15
406,Emily,42,Female,HR,84084,6
407,John,58,Male,HR,95105,15
408,Mike,26,Female,IT,89575,14
409,Emily,40,Male,IT,86451,11
410,Mike,35,Male,HR,57227,7
411,Jane,47,Female,Marketing,81910,9
412,Jane,25,Male,Marketing,86041,16
413,Emily,46,Male,Finance,73384,5
414,Mike,46,Female,Marketing,50145,20
415,John,39,Male,IT,87778,10
416,Emily,29,Female,IT,66035,18
417,Jane,60,Female,Marketing,53040,3
418,Jane,35,Female,IT,92422,13
419,Emily,53,Male,HR,76160,11
420,Mike,59,Male,HR,99634,17
421,Jane,54,Male,Marketing,67633,13
422,Mike,44,Female,HR,79344,6
423,Jane,36,Male,HR,67014,17
424,Jane,54,Female,Finance,64996,13
425,Doe,46,Female,Finance,99104,19
426,Jane,38,Male,HR,91621,19
427,John,54,Female,Marketing,61695,10
428,Emily,23,Male,Finance,52852,3
429,Emily,35,Male,IT,66014,14
430,Mike,60,Male,IT,77042,19
431,Jane,27,Male,IT,83755,5
432,John,27,Male,Marketing,90390,5
433,Mike,24,Female,HR,73711,20
434,Doe,28,Female,IT,76122,17
435,Mike,29,Female,Marketing,59160,10
436,Mike,36,Male,Finance,77213,5
437,Jane,50,Male,HR,89420,4
438,Doe,54,Male,Finance,57421,6
439,Mike,51,Female,Marketing,71400,4
440,John,60,Male,IT,83537,7
441,John,48,Female,IT,67727,7
442,Emily,57,Female,Marketing,96882,18
443,Doe,50,Male,IT,54358,3
444,Doe,59,Male,HR,78482,1
445,Emily,54,Female,Marketing,82117,4
446,Mike,58,Male,Finance,73164,6
447,Doe,48,Female,Marketing,81910,9
448,John,54,Male,HR,82496,14
449,John,25,Male,HR,94311,12
450,Jane,43,Female,Marketing,79371,20
451,Doe,23,Male,Marketing,88467,4
452,Mike,31,Female,IT,67625,12
453,Emily,26,Male,HR,83893,10
454,Emily,31,Female,Marketing,60793,7
455,Mike,54,Female,Marketing,81007,3
456,Jane,59,Male,HR,75766,14
457,Emily,34,Female,Marketing,89532,10
458,Doe,52,Male,IT,62323,16
459,Jane,57,Male,HR,95799,16
460,Doe,45,Male,IT,96820,10
461,John,36,Female,IT,95408,13
462,Jane,50,Female,IT,57843,6
463,Emily,29,Male,IT,64210,12
464,Jane,26,Male,HR,66456,9
465,Jane,50,Female,IT,81367,13
466,Jane,25,Male,IT,60106,4
467,Jane,33,Male,Marketing,87957,11
468,Doe,23,Female,HR,52472,20
469,John,48,Male,HR,99859,18
470,Mike,52,Female,Finance,56704,11
471,Jane,57,Male,HR,53713,4
472,Emily,57,Female,HR,55051,18
473,Jane,47,Male,Finance,60756,1
474,Emily,48,Male,HR,52475,7
475,Doe,26,Female,HR,86378,6
476,Emily,41,Male,HR,54255,15
477,Mike,32,Female,HR,64484,18
478,John,31,Male,Finance,84503,11
479,Emily,59,Female,HR,58258,20
480,Emily,27,Female,HR,90747,15
481,John,29,Female,Finance,85196,16
482,Mike,44,Female,Marketing,95113,7
483,Jane,47,Male,IT,90194,10
484,Emily,33,Male,Marketing,58533,12
485,John,47,Female,Finance,82581,14
486,Doe,34,Female,IT,55249,5
487,John,39,Female,Finance,69201,18
488,Doe,46,Male,Finance,59686,5
489,Mike,54,Male,HR,96877,3
490,Jane,33,Male,IT,82007,5
491,John,57,Male,HR,50661,17
492,Emily,25,Female,IT,94843,19
493,Mike,26,Female,Finance,80137,19
494,John,58,Female,Finance,97556,12
495,Emily,29,Male,Marketing,92828,9
496,John,49,Male,IT,98604,1
497,Doe,52,Male,HR,60526,18
498,John,30,Female,Marketing,53374,4
499,John,50,Female,Marketing,75592,10
500,John,35,Male,Marketing,78982,7
